<?xml version="1.0" encoding="UTF-8" standalone="yes"?>
<addon id="repository.chicsrepo" name="Chic" version="0.0.1" provider-name="Chic">
	<extension point="xbmc.addon.repository" name="Chic">
		<dir>
			<info compressed="false">https://raw.githubusercontent.com/totalrevolution/python-koding/master/zips/addons.xml</info>
			<checksum>https://raw.githubusercontent.com/totalrevolution/python-koding/master/zips/addons.xml.md5</checksum>
			<datadir zip="true">https://raw.githubusercontent.com/totalrevolution/python-koding/master/zips/</datadir>
		</dir>
		<info compressed="false">https://raw.githubusercontent.com/chic2020/repository.chicsrepo/master/zips/addons.xml</info>
		<checksum>https://raw.githubusercontent.com/chic2020/repository.chicsrepo/master/zips/addons.xml.md5</checksum>
		<datadir zip="true">https://raw.githubusercontent.com/chic2020/repository.chicsrepo/master/zips/</datadir>
	</extension>
	<extension point="xbmc.addon.metadata">
		<summary lang="en">Chics repo</summary>
		<description lang="en">Chics repo</description>
		<genre>devtools,livetv,movies,news,sports,tvshows</genre>
	</extension>
</addon>